{
  "optionsA": {
    "series": [
      {
        "name": "直接访问",
        "data": [320, 302, 301, 334, 390, 330, 320]
      },
      {
        "name": "邮件营销",
        "data": [120, 132, 101, 134, 90, 230, 210]
      },
      {
        "name": "联盟广告",
        "data": [220, 182, 191, 234, 290, 330, 310]
      },
      {
        "name": "视频广告",
        "data": [150, 212, 201, 154, 190, 330, 410]
      },
      {
        "name": "搜索引擎",
        "data": [820, 832, 901, 934, 1290, 1330, 1320]
      }
    ]
  },
  "optionsB": {
    "series": [
      {
        "name": "蒸发量",
        "data": [2.0, 4.9, 7.0, 23.2, 25.6, 76.7]
      },
      {
        "name": "降水量",
        "data": [2.6, 5.9, 9.0, 26.4, 28.7, 70.7]
      }
    ]
  },
  "optionsC": {
    "series": [
      {
        "name": "利润",
        "data": [200, 170, 240, 244, 200, 220, 210]
      },
      {
        "name": "收入",
        "data": [320, 302, 341, 374, 390, 450, 420]
      },
      {
        "name": "支出",
        "data": [-120, -132, -101, -134, -190, -230, -210]
      }
    ]
  },
  "optionsD": {
    "series": [
      {
        "name": "2011年",
        "data": [18203, 23489, 29034, 104970, 131744, 630230]
      },
      {
        "name": "2012年",
        "data": [19325, 23438, 31000, 121594, 134141, 681807]
      }
    ]
  }
}
