{
  "optionsA": {
    "series": [
      {
        "name": "直接访问",
        "data": [320, 302, 301, 334, 390, 330, 320]
      },
      {
        "name": "邮件营销",
        "data": [120, 132, 101, 134, 90, 230, 210]
      },
      {
        "name": "联盟广告",
        "data": [220, 182, 191, 234, 290, 330, 310]
      },
      {
        "name": "视频广告",
        "data": [150, 212, 201, 154, 190, 330, 410]
      },
      {
        "name": "搜索引擎",
        "data": [820, 832, 901, 934, 1290, 1330, 1320]
      }
    ]
  },
  "optionsB": {
    "series": [
      {
        "name": "最高气温",
        "data": [11, 11, 15, 13, 12, 13, 10]
      },
      {
        "name": "最低气温",
        "data": [1, -2, 2, 5, 3, 2, 0]
      }
    ]
  },
  "optionsC": {
    "series": [
      {
        "name": "成交",
        "data": [10, 12, 21, 54, 260, 830, 710]
      },
      {
        "name": "预购",
        "data": [30, 182, 434, 791, 390, 30, 10]
      },
      {
        "name": "意向",
        "data": [1320, 1132, 601, 234, 120, 90, 20]
      }
    ]
  }
}

