{
  "optionsA": {
    "series": {
      "data": [
        {
          "name": "直接访问",
          "value": 335
        },
        {
          "name": "邮件营销",
          "value": 310
        },
        {
          "name": "联盟广告",
          "value": 234
        },
        {
          "name": "视频广告",
          "value": 135
        },
        {
          "name": "搜索引擎",
          "value": 1548
        }
      ]
    }
  },
  "optionsB": {
    "series": [
      {
        "data": [
          {
            "value": 335,
            "name": "直达"
          },
          {
            "value": 679,
            "name": "营销广告"
          },
          {
            "value": 1548,
            "name": "搜索引擎"
          }
        ]
      },
      {
        "data": [
          {
            "value": 335,
            "name": "直达"
          },
          {
            "value": 310,
            "name": "邮件营销"
          },
          {
            "value": 234,
            "name": "联盟广告"
          },
          {
            "value": 135,
            "name": "视频广告"
          },
          {
            "value": 1048,
            "name": "百度"
          },
          {
            "value": 251,
            "name": "谷歌"
          },
          {
            "value": 147,
            "name": "必应"
          },
          {
            "value": 102,
            "name": "其他"
          }
        ]
      }
    ]
  },
  "optionsC": {
    "series": [
      {
        "data": [
          {
            "value": 335,
            "name": "直接访问"
          },
          {
            "value": 310,
            "name": "邮件营销"
          },
          {
            "value": 234,
            "name": "联盟广告"
          },
          {
            "value": 135,
            "name": "视频广告"
          },
          {
            "value": 1548,
            "name": "搜索引擎"
          }
        ]
      }
    ]
  },
  "optionsD": {
    "series": [
      {
        "data":  [
          {
            "value": 10,
            "name": "rose1"
          },
          {
            "value": 5,
            "name": "rose2"
          },
          {
            "value": 15,
            "name": "rose3"
          },
          {
            "value": 25,
            "name": "rose4"
          },
          {
            "value": 20,
            "name": "rose5"
          },
          {
            "value": 35,
            "name": "rose6"
          },
          {
            "value": 30,
            "name": "rose7"
          },
          {
            "value": 40,
            "name": "rose8"
          }
        ]
      },
      {
        "data":  [
          {
            "value": 10,
            "name": "rose1"
          },
          {
            "value": 5,
            "name": "rose2"
          },
          {
            "value": 15,
            "name": "rose3"
          },
          {
            "value": 25,
            "name": "rose4"
          },
          {
            "value": 20,
            "name": "rose5"
          },
          {
            "value": 35,
            "name": "rose6"
          },
          {
            "value": 30,
            "name": "rose7"
          },
          {
            "value": 40,
            "name": "rose8"
          }
        ]
      }
    ]
  }
}
